cycles,frequency
2097000,4.373242219746221e-12
2098000,2.4857267817424145e-06
2099000,0.18864519894123077
2129000,1.1774048971346929e-06
2130000,0.5630191564559937
2160000,4.933002628604299e-07
2161000,0.23588955402374268
2191000,2.593898074110257e-08
2192000,0.012403670698404312
2222000,8.000063805857494e-11
2223000,3.825522799161263e-05
