cycles,frequency
2223000,3.8255228025897364e-05
2191000,2.5938980601397848e-08
2222000,8.000063964884875e-11
2160000,4.933002826125398e-07
2098000,2.4857266947795094e-06
2097000,4.373242021259202e-12
2161000,0.2358895488762974
2129000,1.1774048685113786e-06
2099000,0.18864519753011597
2192000,0.012403671045898863
2130000,0.5630191448644569
